<?xml version="1.0" encoding="UTF-8"?>
<tour apprev="18043" start="node1" appversion="6.1.11">
  <panorama id="node1">
    <input leveltileurl="tiles/node1/cf_%c/l_%l/c_%x/tile_%y.jpg" levelbiashidpi="1.000" height="1520" overlap="1" levelingpitch="0" width="1520" levelbias="0.400" levelingroll="0" leveltilesize="510">
      <level height="1520" preload="0" width="1520" predecode="0"/>
      <level height="760" preload="0" width="760" predecode="0"/>
      <level height="380" preload="1" width="380" predecode="1"/>
      <preview strip="1" color="0x808080"/>
    </input>
    <view fovmode="0" pannorth="0">
      <start pan="0" tilt="0" fov="70" projection="4"/>
      <flyin pan="0" tilt="-90" fov="170" projection="9"/>
      <min fovpixel="2" pan="0" tilt="-90"/>
      <max fovstereographic="270" pan="360" fovfisheye="360" tilt="90" fov="120" scaletofit="1"/>
    </view>
    <userdata info="" customnodeid="" title="" comment="" nodeid="node1" author="" description="" copyright="" tags="Op informática" latitude="-5.508247" source="" datetime="31/10/2024 06:08" longitude="-47.491346" altitude="123.83" heading="0">
      <mapcoords mapid="FloorPlan01" x_floorplan_percent="47.9789" y_floorplan_percent="40.8002" y="-0.924225" x="0.374908"/>
    </userdata>
    <hotspots height="20" width="180" wordwrap="1">
      <label textalpha="1" borderradius="1" enabled="1" textcolor="0x000000" background="1" backgroundalpha="1" height="20" border="1" bordercolor="0x000000" width="180" borderalpha="1" wordwrap="1" backgroundcolor="0xffffff"/>
      <polystyle backgroundalpha="0.25098" bordercolor="0x0000ff" borderalpha="1" mode="0" handcursor="1" backgroundcolor="0x0000ff"/>
      <hotspot title="" id="Point01" target="179.311/0/70" pan="1.54001" description="" skinid="ht_node" tilt="8.68" url="{node2}"/>
      <hotspot title="" id="Point03" target="$fwd" pan="65.6729" distance="4.85867" description="" skinid="ht_node" tilt="0" url="{node3}"/>
      <hotspot title="" id="Point04" target="$fwd" pan="-132.298" distance="7.93087" description="" skinid="ht_node" tilt="0" url="{node4}"/>
      <hotspot title="" id="Point05" target="$fwd" pan="-330.068" distance="7.93087" description="" skinid="ht_node" tilt="2.27" url="{node5}"/>
    </hotspots>
    <media/>
    <transition enabled="1" zoomspeed="2" zoomoutpause="1" blendcolor="0x000000" zoomin="0" type="crossdissolve" softedge="0" blendtime="1" zoomfov="20" zoomafteroutfov="20" zoomafterinfov="90" zoomout="0"/>
    <animation animsequence="Animation01" useinautorotation="0" syncanimationwithvideo="0"/>
    <control contextprojections="0" contextfullscreen="1" lockedwheel="0" invertcontrol="1" lockedmouse="0" invertwheel="0" dblclickfullscreen="0" rubberband="0" speedwheel="1" simulatemass="1" sensitivity="8" lockedkeyboardzoom="0" lockedkeyboard="0" hideabout="0"/>
  </panorama>
  <panorama id="node2">
    <input leveltileurl="tiles/node2/cf_%c/l_%l/c_%x/tile_%y.jpg" levelbiashidpi="1.000" height="1520" overlap="1" levelingpitch="0" width="1520" levelbias="0.400" levelingroll="0" leveltilesize="510">
      <level height="1520" preload="0" width="1520" predecode="0"/>
      <level height="760" preload="0" width="760" predecode="0"/>
      <level height="380" preload="1" width="380" predecode="1"/>
      <preview strip="1" color="0x808080"/>
    </input>
    <view fovmode="0" pannorth="0">
      <start pan="0" tilt="0" fov="70" projection="4"/>
      <flyin pan="0" tilt="-90" fov="170" projection="9"/>
      <min fovpixel="2" pan="0" tilt="-90"/>
      <max fovstereographic="270" pan="360" fovfisheye="360" tilt="90" fov="120" scaletofit="1"/>
    </view>
    <userdata info="" customnodeid="" title="" comment="" nodeid="node2" author="" description="" copyright="" tags="Op informática" latitude="-5.508247" source="" datetime="31/10/2024 06:06" longitude="-47.491346" altitude="123.83" heading="0">
      <mapcoords mapid="FloorPlan01" x_floorplan_percent="57.4692" y_floorplan_percent="23.5526" y="-0.533524" x="0.449066"/>
    </userdata>
    <hotspots height="20" width="180" wordwrap="1">
      <label textalpha="1" borderradius="1" enabled="1" textcolor="0x000000" background="1" backgroundalpha="1" height="20" border="1" bordercolor="0x000000" width="180" borderalpha="1" wordwrap="1" backgroundcolor="0xffffff"/>
      <polystyle backgroundalpha="0.25098" bordercolor="0x0000ff" borderalpha="1" mode="0" handcursor="1" backgroundcolor="0x0000ff"/>
      <hotspot title="" id="Point01" target="-4.24249/0/70" pan="180" description="" skinid="ht_node" tilt="0" url="{node1}"/>
      <hotspot title="" id="Point03" target="$fwd" pan="-132.298" distance="7.93087" description="" skinid="ht_node" tilt="0" url="{node4}"/>
      <hotspot title="" id="Point04" target="$fwd" pan="-253.818" distance="7.93087" description="" skinid="ht_node" tilt="11.29" url="{node5}"/>
      <hotspot title="" id="Point05" target="$fwd" pan="350.64" description="" skinid="ht_node" tilt="8.83" url="{node9}"/>
    </hotspots>
    <media/>
    <transition enabled="1" zoomspeed="2" zoomoutpause="1" blendcolor="0x000000" zoomin="0" type="crossdissolve" softedge="0" blendtime="1" zoomfov="20" zoomafteroutfov="20" zoomafterinfov="90" zoomout="0"/>
    <animation animsequence="Animation01" useinautorotation="0" syncanimationwithvideo="0"/>
    <control contextprojections="0" contextfullscreen="1" lockedwheel="0" invertcontrol="1" lockedmouse="0" invertwheel="0" dblclickfullscreen="0" rubberband="0" speedwheel="1" simulatemass="1" sensitivity="8" lockedkeyboardzoom="0" lockedkeyboard="0" hideabout="0"/>
  </panorama>
  <panorama id="node3">
    <input leveltileurl="tiles/node3/cf_%c/l_%l/c_%x/tile_%y.jpg" levelbiashidpi="1.000" height="1520" overlap="1" levelingpitch="0" width="1520" levelbias="0.400" levelingroll="0" leveltilesize="510">
      <level height="1520" preload="0" width="1520" predecode="0"/>
      <level height="760" preload="0" width="760" predecode="0"/>
      <level height="380" preload="1" width="380" predecode="1"/>
      <preview strip="1" color="0x808080"/>
    </input>
    <view fovmode="0" pannorth="0">
      <start pan="0" tilt="0" fov="84" projection="9"/>
      <flyin pan="0" tilt="-90" fov="170" projection="9"/>
      <min fovpixel="2" pan="0" tilt="-90"/>
      <max fovstereographic="270" pan="360" fovfisheye="360" tilt="90" fov="120" scaletofit="1"/>
    </view>
    <userdata info="" customnodeid="" title="" comment="" nodeid="node3" author="" description="" copyright="" tags="Op informática" latitude="-5.508229" source="" datetime="31/10/2024 07:23" longitude="-47.491386" altitude="123.60" heading="0">
      <mapcoords mapid="FloorPlan01" x_floorplan_percent="52.0211" y_floorplan_percent="56.896" y="-1.28883" x="0.406494"/>
    </userdata>
    <hotspots height="20" width="180" wordwrap="1">
      <label textalpha="1" borderradius="1" enabled="1" textcolor="0x000000" background="1" backgroundalpha="1" height="20" border="1" bordercolor="0x000000" width="180" borderalpha="1" wordwrap="1" backgroundcolor="0xffffff"/>
      <polystyle backgroundalpha="0.25098" bordercolor="0x0000ff" borderalpha="1" mode="0" handcursor="1" backgroundcolor="0x0000ff"/>
      <hotspot title="" id="Point02" target="56.2111/0/70" pan="-23.6877" distance="12.6417" description="" skinid="ht_node" tilt="-3.41" url="{node4}"/>
      <hotspot title="" id="Point03" target="$fwd" pan="-341.697" distance="4.85867" description="" skinid="ht_node" tilt="7.62" url="{node1}"/>
      <hotspot title="" id="Point04" target="$fwd" pan="-297.488" distance="12.6417" description="" skinid="ht_node" tilt="1.1" url="{node5}"/>
    </hotspots>
    <media/>
    <transition enabled="1" zoomspeed="2" zoomoutpause="1" blendcolor="0x000000" zoomin="0" type="crossdissolve" softedge="0" blendtime="1" zoomfov="20" zoomafteroutfov="20" zoomafterinfov="90" zoomout="0"/>
    <animation animsequence="Animation01" useinautorotation="0" syncanimationwithvideo="0"/>
    <control contextprojections="0" contextfullscreen="1" lockedwheel="0" invertcontrol="1" lockedmouse="0" invertwheel="0" dblclickfullscreen="0" rubberband="0" speedwheel="1" simulatemass="1" sensitivity="8" lockedkeyboardzoom="0" lockedkeyboard="0" hideabout="0"/>
  </panorama>
  <panorama id="node4">
    <input leveltileurl="tiles/node4/cf_%c/l_%l/c_%x/tile_%y.jpg" levelbiashidpi="1.000" height="1520" overlap="1" levelingpitch="0" width="1520" levelbias="0.400" levelingroll="0" leveltilesize="510">
      <level height="1520" preload="0" width="1520" predecode="0"/>
      <level height="760" preload="0" width="760" predecode="0"/>
      <level height="380" preload="1" width="380" predecode="1"/>
      <preview strip="1" color="0x808080"/>
    </input>
    <view fovmode="0" pannorth="0">
      <start pan="0" tilt="0" fov="70" projection="4"/>
      <flyin pan="0" tilt="-90" fov="170" projection="9"/>
      <min fovpixel="2" pan="0" tilt="-90"/>
      <max fovstereographic="270" pan="360" fovfisheye="360" tilt="90" fov="120" scaletofit="1"/>
    </view>
    <userdata info="" customnodeid="" title="" comment="" nodeid="node4" author="" description="" copyright="" tags="Op informática" latitude="-5.508295" source="" datetime="31/10/2024 07:03" longitude="-47.491293" altitude="123.72" heading="0">
      <mapcoords mapid="FloorPlan01" x_floorplan_percent="78.2953" y_floorplan_percent="37.769" y="-0.85556" x="0.611801"/>
    </userdata>
    <hotspots height="20" width="180" wordwrap="1">
      <label textalpha="1" borderradius="1" enabled="1" textcolor="0x000000" background="1" backgroundalpha="1" height="20" border="1" bordercolor="0x000000" width="180" borderalpha="1" wordwrap="1" backgroundcolor="0xffffff"/>
      <polystyle backgroundalpha="0.25098" bordercolor="0x0000ff" borderalpha="1" mode="0" handcursor="1" backgroundcolor="0x0000ff"/>
      <hotspot title="" id="Point01" target="-0.68917/0/84" pan="326.012" distance="12.6417" description="" skinid="ht_node" tilt="6.39" url="{node3}"/>
      <hotspot title="" id="Point03" target="$fwd" pan="272.942" distance="7.93087" description="" skinid="ht_node" tilt="23.62" url="{node1}"/>
      <hotspot title="" id="Point04" target="$fwd" pan="155.042" distance="7.93087" description="" skinid="ht_node" tilt="10.5" url="{node2}"/>
    </hotspots>
    <media/>
    <transition enabled="1" zoomspeed="2" zoomoutpause="1" blendcolor="0x000000" zoomin="0" type="crossdissolve" softedge="0" blendtime="1" zoomfov="20" zoomafteroutfov="20" zoomafterinfov="90" zoomout="0"/>
    <animation animsequence="Animation01" useinautorotation="0" syncanimationwithvideo="0"/>
    <control contextprojections="0" contextfullscreen="1" lockedwheel="0" invertcontrol="1" lockedmouse="0" invertwheel="0" dblclickfullscreen="0" rubberband="0" speedwheel="1" simulatemass="1" sensitivity="8" lockedkeyboardzoom="0" lockedkeyboard="0" hideabout="0"/>
  </panorama>
  <panorama id="node5">
    <input leveltileurl="tiles/node5/cf_%c/l_%l/c_%x/tile_%y.jpg" levelbiashidpi="1.000" height="1520" overlap="1" levelingpitch="0" width="1520" levelbias="0.400" levelingroll="0" leveltilesize="510">
      <level height="1520" preload="0" width="1520" predecode="0"/>
      <level height="760" preload="0" width="760" predecode="0"/>
      <level height="380" preload="1" width="380" predecode="1"/>
      <preview strip="1" color="0x808080"/>
    </input>
    <view fovmode="0" pannorth="0">
      <start pan="0" tilt="0" fov="70" projection="4"/>
      <flyin pan="0" tilt="-90" fov="170" projection="9"/>
      <min fovpixel="2" pan="0" tilt="-90"/>
      <max fovstereographic="270" pan="360" fovfisheye="360" tilt="90" fov="120" scaletofit="1"/>
    </view>
    <userdata info="" customnodeid="" title="" comment="" nodeid="node5" author="" description="" copyright="" tags="Op informática" latitude="-5.508295" source="" datetime="31/10/2024 06:59" longitude="-47.491293" altitude="123.72" heading="0">
      <mapcoords mapid="FloorPlan01" x_floorplan_percent="19.5958" y_floorplan_percent="24.2195" y="-0.54863" x="0.153122"/>
    </userdata>
    <hotspots height="20" width="180" wordwrap="1">
      <label textalpha="1" borderradius="1" enabled="1" textcolor="0x000000" background="1" backgroundalpha="1" height="20" border="1" bordercolor="0x000000" width="180" borderalpha="1" wordwrap="1" backgroundcolor="0xffffff"/>
      <polystyle backgroundalpha="0.25098" bordercolor="0x0000ff" borderalpha="1" mode="0" handcursor="1" backgroundcolor="0x0000ff"/>
      <hotspot title="" id="Point02" target="175.758/0/70" pan="9.66214" distance="7.93087" description="" skinid="ht_node" tilt="4.78" url="{node9}"/>
      <hotspot title="" id="Point03" target="$fwd" pan="227.172" distance="7.93087" description="" skinid="ht_node" tilt="6.91" url="{node1}"/>
      <hotspot title="" id="Point04" target="$fwd" pan="249.682" distance="7.93087" description="" skinid="ht_node" tilt="12.43" url="{node2}"/>
      <hotspot title="" id="Point05" target="$fwd" pan="216.882" distance="12.6417" description="" skinid="ht_node" tilt="6.19" url="{node3}"/>
    </hotspots>
    <media/>
    <transition enabled="1" zoomspeed="2" zoomoutpause="1" blendcolor="0x000000" zoomin="0" type="crossdissolve" softedge="0" blendtime="1" zoomfov="20" zoomafteroutfov="20" zoomafterinfov="90" zoomout="0"/>
    <animation animsequence="Animation01" useinautorotation="0" syncanimationwithvideo="0"/>
    <control contextprojections="0" contextfullscreen="1" lockedwheel="0" invertcontrol="1" lockedmouse="0" invertwheel="0" dblclickfullscreen="0" rubberband="0" speedwheel="1" simulatemass="1" sensitivity="8" lockedkeyboardzoom="0" lockedkeyboard="0" hideabout="0"/>
  </panorama>
  <panorama id="node6">
    <input leveltileurl="tiles/node6/cf_%c/l_%l/c_%x/tile_%y.jpg" levelbiashidpi="1.000" height="1520" overlap="1" levelingpitch="0" width="1520" levelbias="0.400" levelingroll="0" leveltilesize="510">
      <level height="1520" preload="0" width="1520" predecode="0"/>
      <level height="760" preload="0" width="760" predecode="0"/>
      <level height="380" preload="1" width="380" predecode="1"/>
      <preview strip="1" color="0x808080"/>
    </input>
    <view fovmode="0" pannorth="0">
      <start pan="0" tilt="0" fov="100" projection="4"/>
      <flyin pan="0" tilt="-90" fov="170" projection="9"/>
      <min fovpixel="2" pan="0" tilt="-90"/>
      <max fovstereographic="270" pan="360" fovfisheye="360" tilt="90" fov="120" scaletofit="1"/>
    </view>
    <userdata info="" customnodeid="" title="" comment="" nodeid="node6" author="" description="" copyright="" tags="Op informática" latitude="-5.508246" source="" datetime="" longitude="-47.491344" altitude="123.83" heading="0"/>
    <hotspots height="20" width="180" wordwrap="1">
      <label textalpha="1" borderradius="1" enabled="1" textcolor="0x000000" background="1" backgroundalpha="1" height="20" border="1" bordercolor="0x000000" width="180" borderalpha="1" wordwrap="1" backgroundcolor="0xffffff"/>
      <polystyle backgroundalpha="0.25098" bordercolor="0x0000ff" borderalpha="1" mode="0" handcursor="1" backgroundcolor="0x0000ff"/>
    </hotspots>
    <media/>
    <transition enabled="1" zoomspeed="2" zoomoutpause="1" blendcolor="0x000000" zoomin="0" type="crossdissolve" softedge="0" blendtime="1" zoomfov="20" zoomafteroutfov="20" zoomafterinfov="90" zoomout="0"/>
    <animation animsequence="Animation01" useinautorotation="0" syncanimationwithvideo="0"/>
    <control contextprojections="0" contextfullscreen="1" lockedwheel="0" invertcontrol="1" lockedmouse="0" invertwheel="0" dblclickfullscreen="0" rubberband="0" speedwheel="1" simulatemass="1" sensitivity="8" lockedkeyboardzoom="0" lockedkeyboard="0" hideabout="0"/>
  </panorama>
  <panorama id="node7">
    <input leveltileurl="tiles/node7/cf_%c/l_%l/c_%x/tile_%y.jpg" levelbiashidpi="1.000" height="540" overlap="1" levelingpitch="0" width="540" levelbias="0.400" levelingroll="0" leveltilesize="510">
      <level height="540" preload="0" width="540" predecode="0"/>
      <level height="270" preload="1" width="270" predecode="1"/>
      <preview strip="1" color="0x808080"/>
    </input>
    <view fovmode="0" pannorth="0">
      <start pan="0" tilt="0" fov="70" projection="4"/>
      <flyin pan="0" tilt="-90" fov="170" projection="9"/>
      <min fovpixel="2" pan="-180" tilt="-79.8488"/>
      <max fovstereographic="270" pan="180" fovfisheye="360" tilt="79.8488" fov="120"/>
    </view>
    <userdata info="" customnodeid="" title="" comment="" nodeid="node7" author="" description="" copyright="" tags="Op informática" latitude="-5.508246" source="" datetime="" longitude="-47.491344" altitude="123.83" heading="0"/>
    <hotspots height="20" width="180" wordwrap="1">
      <label textalpha="1" borderradius="1" enabled="1" textcolor="0x000000" background="1" backgroundalpha="1" height="20" border="1" bordercolor="0x000000" width="180" borderalpha="1" wordwrap="1" backgroundcolor="0xffffff"/>
      <polystyle backgroundalpha="0.25098" bordercolor="0x0000ff" borderalpha="1" mode="0" handcursor="1" backgroundcolor="0x0000ff"/>
    </hotspots>
    <media/>
    <transition enabled="1" zoomspeed="2" zoomoutpause="1" blendcolor="0x000000" zoomin="0" type="crossdissolve" softedge="0" blendtime="1" zoomfov="20" zoomafteroutfov="20" zoomafterinfov="90" zoomout="0"/>
    <animation animsequence="Animation01" useinautorotation="0" syncanimationwithvideo="0"/>
    <control contextprojections="0" contextfullscreen="1" lockedwheel="0" invertcontrol="1" lockedmouse="0" invertwheel="0" dblclickfullscreen="0" rubberband="0" speedwheel="1" simulatemass="1" sensitivity="8" lockedkeyboardzoom="0" lockedkeyboard="0" hideabout="0"/>
  </panorama>
  <panorama id="node8">
    <input leveltileurl="tiles/node8/cf_%c/l_%l/c_%x/tile_%y.jpg" levelbiashidpi="1.000" height="1520" overlap="1" levelingpitch="0" width="1520" levelbias="0.400" levelingroll="0" leveltilesize="510">
      <level height="1520" preload="0" width="1520" predecode="0"/>
      <level height="760" preload="0" width="760" predecode="0"/>
      <level height="380" preload="1" width="380" predecode="1"/>
      <preview strip="1" color="0x808080"/>
    </input>
    <view fovmode="0" pannorth="0">
      <start pan="0" tilt="0" fov="70" projection="4"/>
      <flyin pan="0" tilt="-90" fov="170" projection="9"/>
      <min fovpixel="2" pan="0" tilt="-90"/>
      <max fovstereographic="270" pan="360" fovfisheye="360" tilt="90" fov="120" scaletofit="1"/>
    </view>
    <userdata info="" customnodeid="" title="" comment="" nodeid="node8" author="" description="" copyright="" tags="Op informática" latitude="-5.508247" source="" datetime="31/10/2024 06:04" longitude="-47.491346" altitude="123.83" heading="0"/>
    <hotspots height="20" width="180" wordwrap="1">
      <label textalpha="1" borderradius="1" enabled="1" textcolor="0x000000" background="1" backgroundalpha="1" height="20" border="1" bordercolor="0x000000" width="180" borderalpha="1" wordwrap="1" backgroundcolor="0xffffff"/>
      <polystyle backgroundalpha="0.25098" bordercolor="0x0000ff" borderalpha="1" mode="0" handcursor="1" backgroundcolor="0x0000ff"/>
    </hotspots>
    <media/>
    <transition enabled="1" zoomspeed="2" zoomoutpause="1" blendcolor="0x000000" zoomin="0" type="crossdissolve" softedge="0" blendtime="1" zoomfov="20" zoomafteroutfov="20" zoomafterinfov="90" zoomout="0"/>
    <animation animsequence="Animation01" useinautorotation="0" syncanimationwithvideo="0"/>
    <control contextprojections="0" contextfullscreen="1" lockedwheel="0" invertcontrol="1" lockedmouse="0" invertwheel="0" dblclickfullscreen="0" rubberband="0" speedwheel="1" simulatemass="1" sensitivity="8" lockedkeyboardzoom="0" lockedkeyboard="0" hideabout="0"/>
  </panorama>
  <panorama id="node9">
    <input leveltileurl="tiles/node9/cf_%c/l_%l/c_%x/tile_%y.jpg" levelbiashidpi="1.000" height="1520" overlap="1" levelingpitch="0" width="1520" levelbias="0.400" levelingroll="0" leveltilesize="510">
      <level height="1520" preload="0" width="1520" predecode="0"/>
      <level height="760" preload="0" width="760" predecode="0"/>
      <level height="380" preload="1" width="380" predecode="1"/>
      <preview strip="1" color="0x808080"/>
    </input>
    <view fovmode="0" pannorth="0">
      <start pan="0" tilt="0" fov="70" projection="4"/>
      <flyin pan="0" tilt="-90" fov="170" projection="9"/>
      <min fovpixel="2" pan="0" tilt="-90"/>
      <max fovstereographic="270" pan="360" fovfisheye="360" tilt="90" fov="120" scaletofit="1"/>
    </view>
    <userdata info="" customnodeid="" title="" comment="" nodeid="node9" author="" description="" copyright="" tags="Op informática" latitude="-5.508247" source="" datetime="31/10/2024 06:53" longitude="-47.491346" altitude="123.83" heading="0">
      <mapcoords mapid="FloorPlan01" x_floorplan_percent="54.7452" y_floorplan_percent="9.33616" y="-0.211487" x="0.42778"/>
    </userdata>
    <hotspots height="20" width="180" wordwrap="1">
      <label textalpha="1" borderradius="1" enabled="1" textcolor="0x000000" background="1" backgroundalpha="1" height="20" border="1" bordercolor="0x000000" width="180" borderalpha="1" wordwrap="1" backgroundcolor="0xffffff"/>
      <polystyle backgroundalpha="0.25098" bordercolor="0x0000ff" borderalpha="1" mode="0" handcursor="1" backgroundcolor="0x0000ff"/>
      <hotspot title="" id="Point01" target="-123.789/0/70" pan="-175.458" distance="7.93087" description="" skinid="ht_node" tilt="13.52" url="{node5}"/>
      <hotspot title="" id="Point03" target="$fwd" pan="317.42" description="" skinid="ht_node" tilt="7.75" url="{node2}"/>
      <hotspot title="" id="Point05" target="$fwd" pan="-323.548" distance="7.93087" description="" skinid="ht_node" tilt="14.72" url="{node4}"/>
    </hotspots>
    <media/>
    <transition enabled="1" zoomspeed="2" zoomoutpause="1" blendcolor="0x000000" zoomin="0" type="crossdissolve" softedge="0" blendtime="1" zoomfov="20" zoomafteroutfov="20" zoomafterinfov="90" zoomout="0"/>
    <animation animsequence="Animation01" useinautorotation="0" syncanimationwithvideo="0"/>
    <control contextprojections="0" contextfullscreen="1" lockedwheel="0" invertcontrol="1" lockedmouse="0" invertwheel="0" dblclickfullscreen="0" rubberband="0" speedwheel="1" simulatemass="1" sensitivity="8" lockedkeyboardzoom="0" lockedkeyboard="0" hideabout="0"/>
  </panorama>
  <masternode>
    <userdata info="" customnodeid="" title="" comment="" nodeid="master" author="" description="" copyright="" tags="" latitude="" source="" datetime="" longitude="" heading="0"/>
  </masternode>
  <map title="Planta casa" id="FloorPlan01" floorplannorth="0" height="3299" zoomlevels="1" type="file" width="1138" tileformat="jpg" bgcolor="rgba(255, 255, 255, 1)" transparent="0"/>
</tour>
